{
    "Ar36": {
        "error": 0.00032970626053203494, 
        "filter_outliers_dict": {
            "filter_outliers": true, 
            "iterations": 1, 
            "std_devs": 2
        }, 
        "fit": "Linear", 
        "value": 0.01654636014583208
    }, 
    "Ar37": {
        "error": 0.010308941248114826, 
        "filter_outliers_dict": {
            "filter_outliers": true, 
            "iterations": 1, 
            "std_devs": 2
        }, 
        "fit": "linear", 
        "value": 0.08769376971888448
    }, 
    "Ar38": {
        "error": 0.005505218572088124, 
        "filter_outliers_dict": {
            "filter_outliers": true, 
            "iterations": 1, 
            "std_devs": 2
        }, 
        "fit": "linear", 
        "value": 0.20868483759749737
    }, 
    "Ar39": {
        "error": 0.01774829811506924, 
        "filter_outliers_dict": {
            "filter_outliers": true, 
            "iterations": 1, 
            "std_devs": 2
        }, 
        "fit": "Linear", 
        "value": 17.998940514996978
    }, 
    "Ar40": {
        "error": 0.021810720697983375, 
        "filter_outliers_dict": {
            "filter_outliers": true, 
            "iterations": 1, 
            "std_devs": 2
        }, 
        "fit": "Linear", 
        "value": 88.29638815040913
    }, 
    "PM41": {
        "error": 0.08496963817801649, 
        "filter_outliers_dict": {
            "filter_outliers": false, 
            "iterations": 1, 
            "std_devs": 2
        }, 
        "fit": "linear", 
        "value": -0.08827500557515902
    }
}