{
    "Ar36": {
        "error": 0.00027996888409753613, 
        "filter_outliers_dict": {
            "filter_outliers": true, 
            "iterations": 1, 
            "std_devs": 2
        }, 
        "fit": "Linear", 
        "value": 0.00936278808707598
    }, 
    "Ar37": {
        "error": 0.011718567072885136, 
        "filter_outliers_dict": {
            "filter_outliers": true, 
            "iterations": 1, 
            "std_devs": 2
        }, 
        "fit": "linear", 
        "value": 0.1214306788708085
    }, 
    "Ar38": {
        "error": 0.005630167372944401, 
        "filter_outliers_dict": {
            "filter_outliers": true, 
            "iterations": 1, 
            "std_devs": 2
        }, 
        "fit": "linear", 
        "value": 0.08573272049931677
    }, 
    "Ar39": {
        "error": 0.011769984672537133, 
        "filter_outliers_dict": {
            "filter_outliers": true, 
            "iterations": 1, 
            "std_devs": 2
        }, 
        "fit": "Linear", 
        "value": 6.8288821896185885
    }, 
    "Ar40": {
        "error": 0.013897951998222434, 
        "filter_outliers_dict": {
            "filter_outliers": true, 
            "iterations": 1, 
            "std_devs": 2
        }, 
        "fit": "Linear", 
        "value": 29.5122396112446
    }, 
    "PM41": {
        "error": 0.08443872460916009, 
        "filter_outliers_dict": {
            "filter_outliers": false, 
            "iterations": 1, 
            "std_devs": 2
        }, 
        "fit": "linear", 
        "value": -0.14552514338098144
    }
}