{
    "Ar36": {
        "error": 0.0004138141907795568, 
        "filter_outliers_dict": {
            "filter_outliers": true, 
            "iterations": 1, 
            "std_devs": 2
        }, 
        "fit": "Linear", 
        "value": 0.009111133296824434
    }, 
    "Ar37": {
        "error": 0.021100442562804883, 
        "filter_outliers_dict": {
            "filter_outliers": true, 
            "iterations": 1, 
            "std_devs": 2
        }, 
        "fit": "linear", 
        "value": 0.03547048405517034
    }, 
    "Ar38": {
        "error": 0.010297023283437961, 
        "filter_outliers_dict": {
            "filter_outliers": true, 
            "iterations": 1, 
            "std_devs": 2
        }, 
        "fit": "linear", 
        "value": 0.014611913503350452
    }, 
    "Ar39": {
        "error": 0.019662275892806926, 
        "filter_outliers_dict": {
            "filter_outliers": true, 
            "iterations": 1, 
            "std_devs": 2
        }, 
        "fit": "Linear", 
        "value": 0.007125203807797087
    }, 
    "Ar40": {
        "error": 0.01962046785518836, 
        "filter_outliers_dict": {
            "filter_outliers": true, 
            "iterations": 1, 
            "std_devs": 2
        }, 
        "fit": "Linear", 
        "value": 0.919268388350553
    }, 
    "PM41": {
        "error": 0.09442757626527679, 
        "filter_outliers_dict": {
            "filter_outliers": false, 
            "iterations": 1, 
            "std_devs": 2
        }, 
        "fit": "linear", 
        "value": -0.040822462197475574
    }
}