{
    "Ar36": {
        "error": 0.0009657863144984088, 
        "filter_outliers_dict": {
            "filter_outliers": true, 
            "iterations": 1, 
            "std_devs": 2
        }, 
        "fit": "Parabolic", 
        "value": 0.2959506499428899
    }, 
    "Ar37": {
        "error": 0.004878376049992864, 
        "filter_outliers_dict": {
            "filter_outliers": true, 
            "iterations": 1, 
            "std_devs": 2
        }, 
        "fit": "linear", 
        "value": 0.017032985990004156
    }, 
    "Ar38": {
        "error": 0.0021593470262056724, 
        "filter_outliers_dict": {
            "filter_outliers": true, 
            "iterations": 1, 
            "std_devs": 2
        }, 
        "fit": "linear", 
        "value": 0.05276984549322698
    }, 
    "Ar39": {
        "error": 0.008708048151054115, 
        "filter_outliers_dict": {
            "filter_outliers": true, 
            "iterations": 1, 
            "std_devs": 2
        }, 
        "fit": "Parabolic", 
        "value": -0.02334989346125149
    }, 
    "Ar40": {
        "error": 0.012914392073939034, 
        "filter_outliers_dict": {
            "filter_outliers": true, 
            "iterations": 1, 
            "std_devs": 2
        }, 
        "fit": "Parabolic", 
        "value": 86.40287565025575
    }, 
    "PM41": {
        "error": 0.06824586229721466, 
        "filter_outliers_dict": {
            "filter_outliers": false, 
            "iterations": 1, 
            "std_devs": 2
        }, 
        "fit": "linear", 
        "value": -0.16053914905656408
    }
}