{
    "Ar36": {
        "error": 0.0009558606418604129, 
        "filter_outliers_dict": {
            "filter_outliers": true, 
            "iterations": 1, 
            "std_devs": 2
        }, 
        "fit": "Parabolic", 
        "value": 0.2947286533594396
    }, 
    "Ar37": {
        "error": 0.004808841203769498, 
        "filter_outliers_dict": {
            "filter_outliers": true, 
            "iterations": 1, 
            "std_devs": 2
        }, 
        "fit": "linear", 
        "value": 0.02115266828574954
    }, 
    "Ar38": {
        "error": 0.0022041621588599907, 
        "filter_outliers_dict": {
            "filter_outliers": true, 
            "iterations": 1, 
            "std_devs": 2
        }, 
        "fit": "linear", 
        "value": 0.03908659878360178
    }, 
    "Ar39": {
        "error": 0.008749958906800775, 
        "filter_outliers_dict": {
            "filter_outliers": true, 
            "iterations": 1, 
            "std_devs": 2
        }, 
        "fit": "Parabolic", 
        "value": -0.022240366835790004
    }, 
    "Ar40": {
        "error": 0.012582719352002652, 
        "filter_outliers_dict": {
            "filter_outliers": true, 
            "iterations": 1, 
            "std_devs": 2
        }, 
        "fit": "Parabolic", 
        "value": 86.36092384065816
    }, 
    "PM41": {
        "error": 0.07346682648249925, 
        "filter_outliers_dict": {
            "filter_outliers": false, 
            "iterations": 1, 
            "std_devs": 2
        }, 
        "fit": "linear", 
        "value": -0.1669777879806618
    }
}