{
    "Ar36": {
        "error": 0.0004383993430260552, 
        "filter_outliers_dict": {
            "filter_outliers": true, 
            "iterations": 1, 
            "std_devs": 2
        }, 
        "fit": "Linear", 
        "value": 0.02878720663682884
    }, 
    "Ar37": {
        "error": 0.011115431211698874, 
        "filter_outliers_dict": {
            "filter_outliers": true, 
            "iterations": 1, 
            "std_devs": 2
        }, 
        "fit": "linear", 
        "value": 0.03795472679428985
    }, 
    "Ar38": {
        "error": 0.004747059603729931, 
        "filter_outliers_dict": {
            "filter_outliers": true, 
            "iterations": 1, 
            "std_devs": 2
        }, 
        "fit": "linear", 
        "value": 0.8469361592550984
    }, 
    "Ar39": {
        "error": 0.01600801846970983, 
        "filter_outliers_dict": {
            "filter_outliers": true, 
            "iterations": 1, 
            "std_devs": 2
        }, 
        "fit": "Linear", 
        "value": 66.28509551759835
    }, 
    "Ar40": {
        "error": 0.047570049273986975, 
        "filter_outliers_dict": {
            "filter_outliers": true, 
            "iterations": 1, 
            "std_devs": 2
        }, 
        "fit": "Linear", 
        "value": 826.3020131915141
    }, 
    "PM41": {
        "error": 0.06994155362518993, 
        "filter_outliers_dict": {
            "filter_outliers": false, 
            "iterations": 1, 
            "std_devs": 2
        }, 
        "fit": "linear", 
        "value": -0.10117605095531478
    }
}